<wpml-config>
  <custom-types>
    <custom-type translate="1">portfolio</custom-type>
  </custom-types>
  <taxonomies>
    <taxonomy translate="1">portfolio-cat</taxonomy>
    <taxonomy translate="1">portfolio-tag</taxonomy>
  </taxonomies>
  <custom-fields>
    <custom-field action="translate">_overview</custom-field>
    <custom-field action="copy">_lunch_button_url</custom-field>
    <custom-field action="copy">_auxin_meta_url</custom-field>
    <custom-field action="translate">_auxin_meta_client</custom-field>
    <custom-field action="translate">_auxin_meta_release_date</custom-field>
  </custom-fields>
  <admin-texts>
    <key name="phlox_theme_options">
      <key name="portfolio_related_posts_label"/>
      <key name="portfolio_archive_items_perpage"/>
      <key name="portfolio_taxonomy_sidebar_position"/>
      <key name="portfolio_metadata_launch_label"/>
      <key name="portfolio_metadata_list_1"/>
    </key>
  </admin-texts>
</wpml-config>